poi_id	floor_id	mapping_label	mapping_display_name	mapping_aliases	query_keyword	amap_search_status	amap_query_info	amap_query_count	amap_candidate_name	amap_candidate_poi_id	amap_candidate_parent_poi_id	amap_candidate_floor	amap_candidate_address	amap_candidate_location	amap_candidate_type	match_score	match_notes	manual_review_required	人工审核结果
poi_b1_aichaosuannai_121	B1	aichaosuannai	爱炒酸奶	aichaosuannai；爱炒酸奶；艾炒酸奶；爱妙酸奶；艾妙酸奶；amsn	爱炒酸奶 五道口购物中心	candidate_at_venue_needs_review	OK	85	茉酸奶(五道口购物中心店)	B0JDZCCMG2	B000A80D2Q	B1	成府路28号五道口购物中心B1层	"116.339194,39.992035"	餐饮服务;冷饮店;冷饮店	150	parent=venue;address_has_venue;address_has_venue_address;floor_match	TRUE	错误
poi_b1_aihuishou_903	B1	aihuishou	爱回收	aihuishou；爱回收；ahs	爱回收 五道口购物中心	matched_parent_or_address_and_name	OK	7	爱回收(五道口购物中心店)·手机数码奢侈品黄金回收	B0H6L7DWTO	B000A80D2Q		成府路28号五道口购物中心B1层	"116.339552,39.992122"	生活服务;生活服务场所;生活服务场所	215	parent=venue;address_has_venue;address_has_venue_address;name_or_alias_match;distance<=100m	FALSE	
poi_b1_bailuyuan_53	B1	bailuyuan	白鹿原	bailuyuan；白鹿原；bly	白鹿原 五道口购物中心	matched_parent_or_address_and_name	OK	1	白鹿原西安肉夹馍·油泼面(五道口购物中心店)	B0L6K1NMAF	B000A80D2Q		成府路28号五道口购物中心B1层	"116.339262,39.991909"	餐饮服务;中餐厅;中餐厅	190	parent=venue;address_has_venue;address_has_venue_address;name_or_alias_match	FALSE	
poi_b1_baozhu_102	B1	baozhu	包煮	baozhu；包煮；宝竹；bz	baozhu 五道口购物中心	candidate_at_venue_needs_review	OK	85	VERO MODA(五道口购物中心店)	B0HKLUW5NJ	B000A80D2Q	2F	成府路28号五道口购物中心2F层	"116.339592,39.991905"	购物服务;服装鞋帽皮具店;品牌服装店	140	parent=venue;address_has_venue;address_has_venue_address	TRUE	错误
poi_b1_bulilin_904	B1	bulilin	布璃琳	bulilin；布璃琳；不离林；bll	布璃琳 五道口购物中心	candidate_at_venue_needs_review	OK	86	布景(五道口购物中心店)	B000AA9XDH	B000A80D2Q	4F	成府路28号五道口购物中心4F层L4-02	"116.339535,39.992129"	购物服务;服装鞋帽皮具店;品牌服装店	140	parent=venue;address_has_venue;address_has_venue_address	TRUE	错误
poi_b1_chabaidao_117	B1	chabaidao	茶百道	chabaidao；茶百道；cbd	茶百道 五道口购物中心	matched_parent_or_address_and_name	OK	3	茶百道(北京林业大学北路店)	B0JD3C8YXQ	B000A80D2Q	B1	成府路28号五道口购物中心B1层	"116.339193,39.992057"	餐饮服务;冷饮店;冷饮店	200	parent=venue;address_has_venue;address_has_venue_address;name_or_alias_match;floor_match	FALSE	
poi_b1_chitianshousi_39	B1	chitianshousi	池田寿司	chitianshousi；池田寿司；吃天寿司；ctss	池田寿司 五道口购物中心	matched_parent_or_address_and_name	OK	1	池田寿司·新鲜现做(五道口中心店)	B0L0RU5K6M	B000A80D2Q	B1	成府路28号负一层B1-17	"116.339239,39.991851"	餐饮服务;外国餐厅;日本料理	160	parent=venue;address_has_venue_address;name_or_alias_match;floor_match	FALSE	
poi_b1_chuanshiduo_25	B1	chuanshiduo	串士多	chuanshiduo；串士多；csd	串士多 五道口购物中心	candidate_at_venue_needs_review	OK	86	咏巷炸鸡(五道口购物中心店)	B0KUAUDBZ0	B000A80D2Q	B1	成府路28号五道口购物中心B楼	"116.339078,39.991907"	餐饮服务;餐饮相关场所;餐饮相关	150	parent=venue;address_has_venue;address_has_venue_address;floor_match	TRUE	错误
poi_b1_coco_62	B1	coco	CoCo都可	coco；CoCo；CoCo都可；都可；都可奶茶	coco 五道口购物中心	matched_parent_or_address_and_name	OK	15	CoCo都可(五道口购物中心店)	B0FFMGKW5R	B000A80D2Q	B1	成府路28号-B1层	"116.339204,39.992002"	餐饮服务;餐饮相关场所;餐饮相关	185	parent=venue;address_has_venue_address;name_or_alias_match;distance<=100m;floor_match	FALSE	
poi_b1_dajingchazhuang_38	B1	dajingchazhuang	大金茶庄	dajingchazhuang；大金茶庄；大经茶庄；djcz	大经茶庄 五道口购物中心	matched_parent_or_address_and_name	OK	44	大经茶庄(五道口购物中心店)	B0L2TD3LL0	B000A80D2Q		成府路28号五道口购物中心B1层	"116.339312,39.991955"	购物服务;专卖店;专营店	205	parent=venue;address_has_venue;address_has_venue_address;fuzzy_name_match;distance<=100m	FALSE	
poi_b1_dec_27	B1	dec	dec	dec；DEC	dec 五道口购物中心	candidate_at_venue_needs_review	OK	86	五道口购物中心地下停车场	B0G0T9FPP7	B000A80D2Q		成府路28号五道口购物中心B2层	"116.339001,39.991213"	交通设施服务;停车场;公共停车场	140	parent=venue;address_has_venue;address_has_venue_address	TRUE	错误
poi_b1_fanwenhua_30	B1	fanwenhua	樊文花	fanwenhua；樊文花；fwh	fanwenhua 五道口购物中心	candidate_at_venue_needs_review	OK	85	Manner Coffee(五道口购物中心店)	B0H3PR3KMT	B000A80D2Q	1F	成府路28号五道口购物中心1F层L1-04	"116.339588,39.992274"	餐饮服务;咖啡厅;咖啡厅	140	parent=venue;address_has_venue;address_has_venue_address	TRUE	错误
poi_b1_fudi_37	B1	fudi	福地	fudi；福地；福迪超市；fd	fudi 五道口购物中心	matched_parent_or_address_and_name	OK	1	fudi+精选超市(五道口购物中心店)	B0JAFUCEI8	B000A80D2Q	B1	成府路28号五道口购物中心B1层	"116.339406,39.991577"	购物服务;超级市场;超市	200	parent=venue;address_has_venue;address_has_venue_address;name_or_alias_match;floor_match	FALSE	
poi_b1_haircamp_35	B1	haircamp	理发店	haircamp；HairCamp；Hair Camp；理发店；美发店	理发店 五道口购物中心	candidate_at_venue_needs_review	OK	283	诗碧曼白发防脱发养发馆(五道口购物中心店)	B0JRTKVLCQ	B000A80D2Q	B1	成府路28号五道口购物中心B1层	"116.339460,39.992005"	生活服务;美容美发店;美容美发店	175	parent=venue;address_has_venue;address_has_venue_address;distance<=100m;floor_match	TRUE	错误
poi_b1_hongchaoshan_909	B1	hongchaoshan	鸿潮汕	hongchaoshan；鸿潮汕；洪潮汕；hcs	鸿潮汕 五道口购物中心	matched_parent_or_address_and_name	OK	1	鸿潮汕广式鸡煲火锅(五道口购物中心店)	B0LGNKSQ0P	B000A80D2Q		北京城区成府路28号五道口购物中心B1层	"116.339421,39.991822"	餐饮服务;中餐厅;中餐厅	190	parent=venue;address_has_venue;address_has_venue_address;name_or_alias_match	FALSE	
poi_b1_jiajiancheng_914	B1	jiajiancheng	夹拣盛	jiajiansheng；夹拣盛；嘉俭生；jjs；jiajiancheng	嘉俭生 五道口购物中心	candidate_at_venue_needs_review	OK	86	完美世界影城(五道口购物中心店)	B0J3SU0TTZ	B000A80D2Q	B1	成府路28号五道口购物中心B1层	"116.339526,39.992432"	体育休闲服务;影剧院;电影院	150	parent=venue;address_has_venue;address_has_venue_address;floor_match	TRUE	错误
poi_b1_jiayibing_915	B1	jiayibing	加一冰	jiayibing；加一冰；佳一冰；jyb	加一冰 五道口购物中心	candidate_at_venue_needs_review	OK	85	优衣库(五道口购物中心店)	B0LA7UVBER	B000A80D2Q		学院路街道成府路28号五道口购物中心L1-52/53/54	"116.339317,39.991981"	购物服务;购物相关场所;购物相关场所	140	parent=venue;address_has_venue;address_has_venue_address	TRUE	错误
poi_b1_kuafukuafood_119	B1	kuafukuafood	夸父炸串	kuafukuafood；夸父炸串；kuafu；夸父；kuafood；kf	夸父炸串 五道口购物中心	matched_parent_or_address_and_name	OK	21	夸父炸串(五道口购物中心店)	B0JGRP74Y2	B000A80D2Q	B1	北京城区成府路28号-B1层-101-07	"116.339070,39.992089"	餐饮服务;中餐厅;中餐厅	185	parent=venue;address_has_venue_address;name_or_alias_match;distance<=100m;floor_match	FALSE	
poi_b1_lenleyuanqihaowu_34	B1	lenleyuanqihaowu	lenle元气好物	lenleyuanqihaowu；lenle元气好物；冷乐源奇好物；llyqhw	lenle元气好物 五道口购物中心	matched_parent_or_address_and_name	OK	1	lenle元气好物(五道口购物中心店)	B0LKUC0GCN	B000A80D2Q		成府路28号五道口购物中心B1层	"116.339436,39.992009"	购物服务;购物相关场所;购物相关场所	190	parent=venue;address_has_venue;address_has_venue_address;name_or_alias_match	FALSE	
poi_b1_lianhongqintiantian_41	B1	lianhongqintiantian	脸红秦甜甜	lianhongqintiantian；脸红秦甜甜；恋红芹甜甜；lhqtt	脸红秦甜甜 五道口购物中心	matched_parent_or_address_and_name	OK	93	脸红秦田田(五道口购物中心店)	B0M61CICI0	B000A80D2Q		北京城区北京城区北京城区成府路28号五道口购物中心B1层	"116.339204,39.992002"	餐饮服务;休闲餐饮场所;休闲餐饮场所	180	parent=venue;address_has_venue;address_has_venue_address;fuzzy_name_match	FALSE	
poi_b1_liumianshou_911	B1	liumianshou	刘面手	liumianshou；刘面手；六面寿；溜面手；lms	六面寿 五道口购物中心	matched_parent_or_address_and_name	OK	4	六面寿面馆(五道口购物中心店)	B0L1RMAFEM	B000A80D2Q		成府路28号五道口购物中心B1	"116.339086,39.992248"	餐饮服务;中餐厅;中餐厅	190	parent=venue;address_has_venue;address_has_venue_address;name_or_alias_match	FALSE	
poi_b1_lutaizong_45	B1	lutaizong	卤太宗	lutaizong；卤太宗；卤太宗大鸡腿饭；大鸡腿饭；lutai；ltz	卤太宗 五道口购物中心	matched_parent_or_address_and_name	OK	1	卤太宗·大鸡腿饭(五道口店)	B0J2L7ZC5A	B000A80D2Q	B1	成府路28号五道口购物中心B1层	"116.339119,39.992076"	餐饮服务;中餐厅;中餐厅	200	parent=venue;address_has_venue;address_has_venue_address;name_or_alias_match;floor_match	FALSE	
poi_b1_moreyogurt_42	B1	moreyogurt	More酸奶	moreyogurt；More Yogurt；MoreYogurt；More酸奶；酸奶店	酸奶店 五道口购物中心	matched_parent_or_address_and_name	OK	6	茉酸奶(五道口购物中心店)	B0JDZCCMG2	B000A80D2Q	B1	成府路28号五道口购物中心B1层	"116.339194,39.992035"	餐饮服务;冷饮店;冷饮店	190	parent=venue;address_has_venue;address_has_venue_address;fuzzy_name_match;floor_match	FALSE	
poi_b1_qiduyinshi_902	B1	qiduyinshi	七度银饰	qiduyinshi；七度银饰；qdys	qiduyinshi 五道口购物中心	candidate_at_venue_needs_review	OK	86	Manner Coffee(五道口购物中心店)	B0H3PR3KMT	B000A80D2Q	1F	成府路28号五道口购物中心1F层L1-04	"116.339588,39.992274"	餐饮服务;咖啡厅;咖啡厅	140	parent=venue;address_has_venue;address_has_venue_address	TRUE	错误
poi_b1_qishierjiang_120	B1	qishierjiang	七十二匠	qishierjiang；七十二匠；柒十二匠；72匠；qsej	七十二匠 五道口购物中心	matched_parent_or_address_and_name	OK	1	柒十二匠(五道口购物中心店)	B0JRXR4KPR	B000A80D2Q	B1	成府路28号五道口购物中心B1层	"116.339073,39.992019"	餐饮服务;中餐厅;中餐厅	190	parent=venue;address_has_venue;address_has_venue_address;fuzzy_name_match;floor_match	FALSE	
poi_b1_ruixing_luckin_26	B1	ruixing(luckin)	瑞幸	ruixing(luckin)；ruixing；luckin；瑞幸；瑞幸咖啡；luckin coffee；rx；lx	瑞幸 五道口购物中心	matched_parent_or_address_and_name	OK	138	瑞幸咖啡(五道口购物中心店)	B0J3SU31IF	B000A80D2Q	B1	成府路28号五道口购物中心负一层101号	"116.339224,39.992175"	餐饮服务;咖啡厅;咖啡厅	225	parent=venue;address_has_venue;address_has_venue_address;name_or_alias_match;distance<=100m;floor_match	FALSE	
poi_b1_sanyuanmeiyuan_118	B1	sanyuanmeiyuan	三元梅园	sanyuanmeiyuan；三元梅园；三元；symy	三元梅园 五道口购物中心	matched_parent_or_address_and_name	OK	9	三元梅园(五道口店)	B000A856SF	B000A80D2Q		成府路28号五道口购物中心B1	"116.339231,39.992088"	餐饮服务;甜品店;甜品店	215	parent=venue;address_has_venue;address_has_venue_address;name_or_alias_match;distance<=100m	FALSE	
poi_b1_shaguopo_44	B1	shaguopo	砂锅婆	shguopo；shiguopo；砂锅婆；sgp；shaguopo	砂锅婆 五道口购物中心	matched_parent_or_address_and_name	OK	1	砂锅婆砂锅下饭菜(五道口购物中心店)	B0KDURC9BZ	B000A80D2Q	B1	北京城区成府路28号五道口购物中心B1层B1-11	"116.339118,39.992171"	餐饮服务;中餐厅;中餐厅	200	parent=venue;address_has_venue;address_has_venue_address;name_or_alias_match;floor_match	FALSE	
poi_b1_shengnuoyi_36	B1	shengnuoyi	圣诺伊	shengnuoyi；圣诺伊；snyi；sny	圣诺伊 五道口购物中心	matched_parent_or_address_and_name	OK	1	圣诺伊(五道口购物中心店)	B0J3SU31IE	B000A80D2Q	B1	成府路28号五道口购物中心B1层B1-12	"116.339603,39.991845"	医疗保健服务;专科医院;整形美容	200	parent=venue;address_has_venue;address_has_venue_address;name_or_alias_match;floor_match	FALSE	
poi_b1_shibiman_31	B1	shibiman	诗碧曼	shibiman；诗碧曼；sbm	诗碧曼 五道口购物中心	matched_parent_or_address_and_name	OK	1	诗碧曼白发防脱发养发馆(五道口购物中心店)	B0JRTKVLCQ	B000A80D2Q	B1	成府路28号五道口购物中心B1层	"116.339460,39.992005"	生活服务;美容美发店;美容美发店	200	parent=venue;address_has_venue;address_has_venue_address;name_or_alias_match;floor_match	FALSE	
poi_b1_shoudaningmengcha_908	B1	shoudaningmengcha	手打柠檬茶	shoudaningmengcha；手打柠檬茶；柠檬茶；sdnmc	柠檬茶 五道口购物中心	matched_parent_or_address_and_name	OK	24	LINLEE·手打柠檬茶(五道口购物中心店)	B0J2U5P11L	B000A80D2Q	B1	北京城区北京城区成府路28号五道口购物中心B1-24	"116.339188,39.992089"	餐饮服务;冷饮店;冷饮店	225	parent=venue;address_has_venue;address_has_venue_address;name_or_alias_match;distance<=100m;floor_match	FALSE	
poi_b1_wanmeishijie_22	B1	wanmeishijie	完美世界	wanmeishijie；完美世界；wmsj影城	完美世界 五道口购物中心	matched_parent_or_address_and_name	OK	4	完美世界影城(五道口购物中心店)	B0J3SU0TTZ	B000A80D2Q	B1	成府路28号五道口购物中心B1层	"116.339526,39.992432"	体育休闲服务;影剧院;电影院	200	parent=venue;address_has_venue;address_has_venue_address;name_or_alias_match;floor_match	FALSE	
poi_b1_wuyutai_29	B1	wuyutai	吴裕泰	wuyutai；吴裕泰；吴裕泰茶庄；wyt	吴裕泰 五道口购物中心	matched_parent_or_address_and_name	OK	20	吴裕泰茶庄(五道口购物中心店)	B000A8ZHIE	B000A80D2Q	B1	学院路街道成府路28号华联超市地下一层	"116.339380,39.992004"	购物服务;专卖店;专营店	185	parent=venue;address_has_venue_address;name_or_alias_match;distance<=100m;floor_match	FALSE	
poi_b1_xiechenglvyou_33	B1	xiechenglvyou	携程旅游	xiechenglvyou；携程旅游；携程；xc；xcly	携程旅游 五道口购物中心	matched_parent_or_address_and_name	OK	1	携程旅游五道口门市部	B0FFJN6ONW	B000A80D2Q	B1	成府路28号五道口购物中心地下一层	"116.339551,39.992082"	生活服务;旅行社;旅行社|公司企业;公司;公司	200	parent=venue;address_has_venue;address_has_venue_address;name_or_alias_match;floor_match	FALSE	
poi_b1_xuejichaohuohaoguozi_54	B1	xuejichaohuohaoguozi	薛记炒货好果子	xuejichaohuohaoguozi；薛记炒货好果子；雪记炒货好果子；薛记炒货；炒货；xjchhgz；xjch	薛记炒货好果子 五道口购物中心	matched_parent_or_address_and_name	OK	87	薛记炒货(五道口购物中心店)	B0K3MUI6GL	B000A80D2Q		北京城区成府路28号五道口购物中心B1层	"116.339105,39.991999"	生活服务;生活服务场所;生活服务场所	180	parent=venue;address_has_venue;address_has_venue_address;fuzzy_name_match	FALSE	
poi_b1_yerenxiansheng_27	B1	yerenxiansheng	野人先生	yerenxiansheng；野人先生；野人；yrxs	野人先生 五道口购物中心	matched_parent_or_address_and_name	OK	1	野人先生现做冰淇淋(北京五道口店)	B0LG4CBNA7	B000A80D2Q	B1	北京城区成府路28号五道口购物中心B1-40-1	"116.339314,39.991925"	购物服务;服装鞋帽皮具店;服装鞋帽皮具店|餐饮服务;餐饮相关场所;餐饮相关	200	parent=venue;address_has_venue;address_has_venue_address;name_or_alias_match;floor_match	FALSE	
poi_b1_yeyebupaocha_905	B1	yeyebupaocha	爷爷不泡茶	yeyebupaocha；爷爷不泡茶；爷爷；yybpc	爷爷不泡茶 五道口购物中心	matched_parent_or_address_and_name	OK	1	爷爷不泡茶NOYEYENOTEA(北京五道口购物中心店)	B0K2VUCV7O	B000A80D2Q		成府路28号邦泰优盛大厦B1层01室18号	"116.339512,39.992465"	餐饮服务;休闲餐饮场所;休闲餐饮场所	150	parent=venue;address_has_venue_address;name_or_alias_match	FALSE	
poi_b1_yimayila_24	B1	yimayila	一麻一辣麻辣香锅	yimayila；一麻一辣麻辣香锅；ymyl	一麻一辣麻辣香锅 五道口购物中心	matched_parent_or_address_and_name	OK	1	一麻一辣麻辣香锅(五道口购物中心店)	B0J3SUA2QG	B000A80D2Q	B1	北京城区成府路28号五道口购物中心B1层	"116.339225,39.992323"	餐饮服务;中餐厅;中餐厅	200	parent=venue;address_has_venue;address_has_venue_address;name_or_alias_match;floor_match	FALSE	
poi_b1_yipinmenguo_23	B1	yipinmenguo	一品焖锅	yipinmenguo；一品焖锅；一品；ypmg	yipinmenguo 五道口购物中心	candidate_at_venue_needs_review	OK	85	WOWCOLOUR(五道口购物中心店)	B0K0GS4Y5Y	B000A80D2Q		成府路28号五道口购物中心1F层	"116.339325,39.991925"	购物服务;购物相关场所;购物相关场所	140	parent=venue;address_has_venue;address_has_venue_address	TRUE	错误
poi_b1_yongxiangzhaji_913	B1	yongxiangzhaji	永巷炸鸡	yongxiangzhaji；永巷炸鸡；永祥；yxzj	永巷炸鸡 五道口购物中心	matched_parent_or_address_and_name	OK	85	咏巷炸鸡(五道口购物中心店)	B0KUAUDBZ0	B000A80D2Q	B1	成府路28号五道口购物中心B楼	"116.339078,39.991907"	餐饮服务;餐饮相关场所;餐饮相关	190	parent=venue;address_has_venue;address_has_venue_address;fuzzy_name_match;floor_match	FALSE	
poi_b1_zhangruhuo_27	B1	zhangruhuo	张如火酸辣粉	zhangruhuo；张如火酸辣粉；张如火火锅；zrh	张如火酸辣粉 五道口购物中心	matched_parent_or_address_and_name	OK	1	张如火酸辣粉(五道口购物中心店)	B0JKJNH87H	B000A80D2Q	B1	成府路28号五道口购物中心负一楼	"116.339056,39.991772"	餐饮服务;中餐厅;中餐厅	200	parent=venue;address_has_venue;address_has_venue_address;name_or_alias_match;floor_match	FALSE	
poi_b1_zhaozaier_912	B1	zhaozaier	招仔儿	zhaozaier；招仔儿；赵崽儿；zze；zzr	赵崽儿 五道口购物中心	matched_parent_or_address_and_name	OK	1	赵崽儿川式面品(五道口店)	B0JDPGPRHZ	B000A80D2Q	B1	成府路28号五道口购物中心B楼	"116.338975,39.991948"	餐饮服务;中餐厅;中餐厅	200	parent=venue;address_has_venue;address_has_venue_address;name_or_alias_match;floor_match	FALSE	
poi_b1_zigulu_47	B1	zigulu	紫谷庐	zigulu；紫谷庐；子谷庐；zgl	紫谷庐 五道口购物中心	candidate_at_venue_needs_review	OK	86	完美世界影城(五道口购物中心店)	B0J3SU0TTZ	B000A80D2Q	B1	成府路28号五道口购物中心B1层	"116.339526,39.992432"	体育休闲服务;影剧院;电影院	150	parent=venue;address_has_venue;address_has_venue_address;floor_match	TRUE	错误
poi_f1_adidas_59	F1	adidas	阿迪达斯	adidas；Adidas；ADIDAS；阿迪达斯；adi	阿迪达斯 五道口购物中心	candidate_needs_review	OK	17	阿迪达斯(五道口店)	B0LK9HAMMT	[]		成府路27号	"116.339127,39.993052"	购物服务;购物相关场所;购物相关场所	65	name_or_alias_match;distance<=300m	TRUE	错误
poi_f1_bawangchaji_72	F1	bawangchaji	霸王茶姬	bawangchaji；霸王茶姬；CHAGEE；bwcj	bawangchaji 五道口购物中心	candidate_at_venue_needs_review	OK	85	Manner Coffee(五道口购物中心店)	B0H3PR3KMT	B000A80D2Q	1F	成府路28号五道口购物中心1F层L1-04	"116.339588,39.992274"	餐饮服务;咖啡厅;咖啡厅	140	parent=venue;address_has_venue;address_has_venue_address	TRUE	错误
poi_f1_cdgplay_66	F1	cdgplay	CDG PLAY	cdgplay；CDG Play；CDGPLAY；Comme des Garcons Play；cdg	CDG PLAY 五道口购物中心	matched_parent_or_address_and_name	OK	1	CDG PLAY(五道口购物中心店)	B0J2FU5HP1	B000A80D2Q		成府路28号五道口购物中心1F层	"116.339180,39.992081"	购物服务;购物相关场所;购物相关场所	190	parent=venue;address_has_venue;address_has_venue_address;name_or_alias_match	FALSE	
poi_f1_chaohongji_123	F1	chaohongji	潮宏基	chaohongji；潮宏基；CHJ；chj	潮宏基 五道口购物中心	matched_parent_or_address_and_name	OK	1	潮宏基(五道口购物中心店)	B0J2L7ZJ65	B000A80D2Q	1F	成府路28号五道口购物中心1F层	"116.339450,39.991988"	购物服务;专卖店;珠宝首饰工艺品	190	parent=venue;address_has_venue;address_has_venue_address;name_or_alias_match	FALSE	
poi_f1_dreamroom_78	F1	dreamroom	梦想之屋	dreamroom；Dream Room；DreamRoom；梦想之屋	dreamroom 五道口购物中心	candidate_at_venue_needs_review	OK	89	Manner Coffee(五道口购物中心店)	B0H3PR3KMT	B000A80D2Q	1F	成府路28号五道口购物中心1F层L1-04	"116.339588,39.992274"	餐饮服务;咖啡厅;咖啡厅	140	parent=venue;address_has_venue;address_has_venue_address	TRUE	错误
poi_f1_huanyingxingkong_58	F1	huanyingxingkong	幻影星空	huanyingxingkong；幻影星空；hyxk	幻影星空 五道口购物中心	candidate_at_venue_needs_review	OK	87	完美世界影城(五道口购物中心店)	B0J3SU0TTZ	B000A80D2Q	B1	成府路28号五道口购物中心B1层	"116.339526,39.992432"	体育休闲服务;影剧院;电影院	140	parent=venue;address_has_venue;address_has_venue_address	TRUE	错误
poi_f1_huashuo_6	F1	huashuo	华硕	huashuo；华硕；ASUS；hs	华硕 五道口购物中心	matched_parent_or_address_and_name	OK	47	ASUS华硕电脑售后数码配件	B0H3J75QS6	B000A80D2Q	1F	成府路28号五道口购物中心F1层	"116.339050,39.991682"	购物服务;便民商店/便利店;便民商店/便利店	215	parent=venue;address_has_venue;address_has_venue_address;name_or_alias_match;distance<=100m	FALSE	
poi_f1_huawei_7	F1	huawei	华为	huawei；华为；Huawei；华为体验店；hw	huawei 五道口购物中心	matched_parent_or_address_and_name	OK	50	华为授权体验店(五道口购物中心)	B0FFJN6OOF	B000A80D2Q	1F	五道口购物中心一层	"116.339187,39.992435"	购物服务;家电电子卖场;手机销售	195	parent=venue;address_has_venue;name_or_alias_match;distance<=100m	FALSE	
poi_f1_ieabeauty_71	F1	ieabeauty	ieabeauty	ieabeauty；IEA Beauty；IEABEAUTY；iea	IEA Beauty 五道口购物中心	candidate_at_venue_needs_review	OK	8	BEAUTY STARSKY(五道口购物中心店)	B0KANU1QOO	B000A80D2Q		成府路28号五道口购物中心1F层	"116.339374,39.992143"	生活服务;美容美发店;美容美发店	140	parent=venue;address_has_venue;address_has_venue_address	TRUE	错误
poi_f1_jack_122	F1	jack	杰克琼斯	jack；Jack；Jack&Jones；Jack & Jones；杰克琼斯	杰克琼斯 五道口购物中心	matched_parent_or_address_and_name	OK	14	JACK&JONES(五道口购物中心店)	B0J1SUYQLV	B000A80D2Q	1F	成府路28号五道口购物中心1F层	"116.339193,39.991766"	购物服务;服装鞋帽皮具店;品牌服装店	215	parent=venue;address_has_venue;address_has_venue_address;name_or_alias_match;distance<=100m	FALSE	
poi_f1_jiroumayi_8	F1	jiroumayi	肌肉蚂蚁	jiroumayi；肌肉蚂蚁；jrmy	肌肉蚂蚁 五道口购物中心	candidate_at_venue_needs_review	OK	93	茉酸奶(五道口购物中心店)	B0JDZCCMG2	B000A80D2Q	B1	成府路28号五道口购物中心B1层	"116.339194,39.992035"	餐饮服务;冷饮店;冷饮店	140	parent=venue;address_has_venue;address_has_venue_address	TRUE	错误
poi_f1_lano_127	F1	lano	兰诺	lano；LANO；Lano；兰诺	兰诺 五道口购物中心	matched_parent_or_address_and_name	OK	44	兰诺(五道口购物中心店)	B0FFKS7ZEU	B000A80D2Q	1F	成府路28号华联商厦一层(五道口地铁站B南口步行150米)	"116.339222,39.992297"	购物服务;专卖店;礼品饰品店	175	parent=venue;address_has_venue_address;name_or_alias_match;distance<=100m	FALSE	
poi_f1_lanxiong_103	F1	lanxiong	兰熊	lanxiong；兰熊；蓝熊；lx	兰熊 五道口购物中心	matched_parent_or_address_and_name	OK	1	兰熊鲜奶(五道口购物中心店)	B0HG45TEND	B000A80D2Q	1F	成府路28号五道口购物中心5F层501	"116.339593,39.992343"	餐饮服务;冷饮店;冷饮店	190	parent=venue;address_has_venue;address_has_venue_address;name_or_alias_match	FALSE	
poi_f1_laofengxiang_56	F1	laofengxiang	老凤祥	laofengxiang；老凤祥；lfx	老凤祥 五道口购物中心	candidate_needs_review	OK	8	老凤祥(领展购物中心店)	B0K675DQAQ	B000A85J2J	F1	丹棱街甲1号北京中关村领展广场F1层	"116.314761,39.979232"	购物服务;专卖店;珠宝首饰工艺品	60	name_or_alias_match;floor_match	TRUE	错误
poi_f1_lianxiang_thinkpad_128	F1	lianxiang(thinkpad)	联想	lianxiang(thinkpad)；lianxiang；thinkpad；联想；联想ThinkPad；ThinkPad；lx	联想 五道口购物中心	matched_parent_or_address_and_name	OK	13	联想百应电脑维修销售(智商务五道口店)	B0KR57W25D	B000A80D2Q	1F	成府路28号五道口购物中心1层101室14号	"116.339188,39.992256"	购物服务;家电电子卖场;数码电子	215	parent=venue;address_has_venue;address_has_venue_address;name_or_alias_match;distance<=100m	FALSE	
poi_f1_maidanglao_0	F1	maidanglao	麦当劳	maidanglao；麦当劳；McDonald's；McDonalds；mdl	麦当劳 五道口购物中心	matched_parent_or_address_and_name	OK	79	麦当劳(五道口购物中心店)	B0I2HLAIJ2	B000A80D2Q	1F	成府路28号五道口购物中心1F层102-46室	"116.339630,39.991474"	餐饮服务;快餐厅;麦当劳	215	parent=venue;address_has_venue;address_has_venue_address;name_or_alias_match;distance<=100m	FALSE	
poi_f1_manner_coffee_3	F1	manner coffee	Manner咖啡	manner coffee；manner；Manner；Manner Coffee；Manner咖啡；曼纳咖啡	Manner咖啡 五道口购物中心	matched_parent_or_address_and_name	OK	1	Manner Coffee(五道口购物中心店)	B0H3PR3KMT	B000A80D2Q	1F	成府路28号五道口购物中心1F层L1-04	"116.339588,39.992274"	餐饮服务;咖啡厅;咖啡厅	190	parent=venue;address_has_venue;address_has_venue_address;name_or_alias_match	FALSE	
poi_f1_mgg_125	F1	mgg	mgg	mgg；MGG	mgg 五道口购物中心	matched_parent_or_address_and_name	OK	1	MGG(五道口购物中心店)	B0JR9GCS6J	B000A80D2Q	1F	成府路28号五道口购物中心1F层L1-06	"116.339387,39.992308"	购物服务;专卖店;眼镜店	190	parent=venue;address_has_venue;address_has_venue_address;name_or_alias_match	FALSE	
poi_f1_nike_67	F1	nike	耐克	nike；Nike；NIKE；耐克	耐克 五道口购物中心	matched_parent_or_address_and_name	OK	12	耐克Nike(五道口购物中心店)	B0HBR643ZT	B000A80D2Q	2F	中关村东路8号卜蜂超市1层(五道口地铁站B南口步行290米)	"116.339481,39.992035"	购物服务;体育用品店;耐克专卖店	155	parent=venue;name_or_alias_match;distance<=100m	FALSE	
poi_f1_noisyteddy_57	F1	noisyteddy	嘈杂小熊	noisyteddy；Noisy Teddy；NoisyTeddy；嘈杂小熊	noisyteddy 五道口购物中心	matched_parent_or_address_and_name	OK	1	NOISY TEDDY(五道口购物中心店)	B0KRB5VYPD	B000A80D2Q		成府路28号五道口购物中心1F层	"116.339225,39.991825"	购物服务;服装鞋帽皮具店;服装鞋帽皮具店	190	parent=venue;address_has_venue;address_has_venue_address;name_or_alias_match	FALSE	
poi_f1_only_124	F1	only	only	only；ONLY；Only	only 五道口购物中心	candidate_needs_review	OK	8	Only Flowers只和花(中关村店)	B0KB5MB468	B000A85J2J	F1	丹棱街甲1号北京中关村领展广场F1层	"116.314919,39.979143"	购物服务;花鸟鱼虫市场;花卉市场	60	name_or_alias_match;floor_match	TRUE	错误
poi_f1_popmart_129	F1	popmart	泡泡玛特	popmart；POPMART；POP MART；泡泡玛特；ppmt	泡泡玛特 五道口购物中心	matched_parent_or_address_and_name	OK	1	POP MART泡泡玛特(五道口购物中心店)	B0HD7HOM8L	B000A80D2Q	1F	成府路28号邦泰优盛大厦1层(霸王茶姬对面)	"116.339036,39.992185"	购物服务;专卖店;专营店	150	parent=venue;address_has_venue_address;name_or_alias_match	FALSE	
poi_f1_starbuck_1	F1	starbuck	星巴克	starbuck；starbucks；Starbucks；星巴克；星巴克咖啡；sbk	星巴克 五道口购物中心	matched_parent_or_address_and_name	OK	72	星巴克(五道口购物中心店)	B0FFJN6OP3	B000A80D2Q	2F	北京城区北京城区海淀街道府路28号五道口商城1层	"116.339105,39.992434"	餐饮服务;咖啡厅;星巴克咖啡	155	parent=venue;name_or_alias_match;distance<=100m	FALSE	
poi_f1_uniqlo_76	F1	uniqlo	优衣库	uniqlo；UNIQLO；Uniqlo；优衣库	优衣库 五道口购物中心	matched_parent_or_address_and_name	OK	1	优衣库(五道口购物中心店)	B0LA7UVBER	B000A80D2Q		学院路街道成府路28号五道口购物中心L1-52/53/54	"116.339317,39.991981"	购物服务;购物相关场所;购物相关场所	190	parent=venue;address_has_venue;address_has_venue_address;name_or_alias_match	FALSE	
poi_f1_wdkcoffee_16	F1	wdkcoffee	WDK咖啡	wdkcoffee；WDK Coffee；WDKcoffee；WDK咖啡；wdk	WDK咖啡 五道口购物中心	matched_parent_or_address_and_name	OK	6	WDK Coffee(五道口购物中心店)	B0LD7101YL	B000A80D2Q		北京城区成府路28号五道口购物中心1层101室	"116.339125,39.991725"	餐饮服务;咖啡厅;咖啡厅	190	parent=venue;address_has_venue;address_has_venue_address;name_or_alias_match	FALSE	
poi_f1_wowbeauty_77	F1	wowbeauty	wowbeauty	wowbeauty；Wow Beauty；WowBeauty	Wow Beauty 五道口购物中心	matched_parent_or_address_and_name	OK	8	WOW BEAUTY(五道口购物中心店)	B0M62RWN04	B000A80D2Q		成府路28号五道口购物中心1F层	"116.339325,39.991925"	购物服务;购物相关场所;购物相关场所	190	parent=venue;address_has_venue;address_has_venue_address;name_or_alias_match	FALSE	
poi_f1_xiaomi_13	F1	xiaomi	小米	xiaomi；小米；小米之家；Xiaomi；MI；xm	小米 五道口购物中心	matched_parent_or_address_and_name	OK	85	小米之家(海淀区五道口购物中心专卖店)	B0KRU11D6J	B000A80D2Q	1F	学院路街道成府路28号五道口购物中心南区一层扶梯对面	"116.339565,39.991704"	购物服务;家电电子卖场;数码电子	215	parent=venue;address_has_venue;address_has_venue_address;name_or_alias_match;distance<=100m	FALSE	
poi_f1_yuanmaishanqiu_75	F1	yuanmaishanqiu	原麦山丘	yuanmaishanqiu；原麦山丘；ymsq	原麦山丘 五道口购物中心	matched_parent_or_address_and_name	OK	7	原麦山丘(五道口购物中心店)	B0FFFWAWR8	B000A80D2Q	1F	北京城区五道口成府路28号(五道口地铁站B南口步行300米)	"116.339582,39.991990"	餐饮服务;糕饼店;糕饼店	175	parent=venue;address_has_venue_address;name_or_alias_match;distance<=100m	FALSE	
poi_f1_zhongguohuangjin_5	F1	zhongguohuangjin	中国黄金	zhongguohuangjin；中国黄金；zghj	中国黄金 五道口购物中心	matched_parent_or_address_and_name	OK	1	中国黄金(五道口购物中心店)	B0FFJN6OOI	B000A80D2Q	1F	成府路28号五道口购物中心1F层L1-26A	"116.339250,39.992171"	购物服务;专卖店;珠宝首饰工艺品	190	parent=venue;address_has_venue;address_has_venue_address;name_or_alias_match	FALSE	
poi_f1_zhoudafu_2	F1	zhoudafu	周大福	zhoudafu；周大福；Chow Tai Fook；zdf	周大福 五道口购物中心	matched_parent_or_address_and_name	OK	1	周大福(五道口购物中心店)	B0FFGYN54U	B000A80D2Q	1F	成府路28号1层(五道口地铁站B南口步行310米)	"116.339513,39.991848"	购物服务;专卖店;珠宝首饰工艺品	150	parent=venue;address_has_venue_address;name_or_alias_match	FALSE	
poi_f1_zhouliufu_73	F1	zhouliufu	周六福	zhouliufu；周六福；zlf	zhouliufu 五道口购物中心	candidate_at_venue_needs_review	OK	86	Manner Coffee(五道口购物中心店)	B0H3PR3KMT	B000A80D2Q	1F	成府路28号五道口购物中心1F层L1-04	"116.339588,39.992274"	餐饮服务;咖啡厅;咖啡厅	140	parent=venue;address_has_venue;address_has_venue_address	TRUE	错误
poi_f2_guya_12	F2	guya	谷娅	guya；谷娅；谷雅；gy	谷娅 五道口购物中心	matched_parent_or_address_and_name	OK	1	谷娅(五道口购物中心店)	B0H3YC8L6D	B000A80D2Q	2F	成府路28号五道口购物中心二层	"116.339180,39.991695"	购物服务;服装鞋帽皮具店;品牌服装店	190	parent=venue;address_has_venue;address_has_venue_address;name_or_alias_match	FALSE	
poi_f2_jieshengji_63	F2	jieshengji	杰胜基	jieshengji；杰胜基；捷胜基；杰生鸡；jsj	杰胜基 五道口购物中心	candidate_at_venue_needs_review	OK	90	潮宏基(五道口购物中心店)	B0J2L7ZJ65	B000A80D2Q	1F	成府路28号五道口购物中心1F层	"116.339450,39.991988"	购物服务;专卖店;珠宝首饰工艺品	140	parent=venue;address_has_venue;address_has_venue_address	TRUE	错误
poi_f2_kisscat_13	F2	kisscat	接吻猫	kisscat；KISSCAT；Kiss Cat；接吻猫；kc	接吻猫 五道口购物中心	matched_parent_or_address_and_name	OK	6	KISSCAT(BHG华联百货店)	B0G2FSZQJR	B000A80D2Q	2F	成府路28号五道口购物中心2F层	"116.339186,39.991922"	购物服务;服装鞋帽皮具店;品牌鞋店	215	parent=venue;address_has_venue;address_has_venue_address;name_or_alias_match;distance<=100m	FALSE	
poi_f2_lily_10	F2	lily	丽丽	lily；LILY；Lily；丽丽	丽丽 五道口购物中心	matched_parent_or_address_and_name	OK	5	LILY商务时装(北京五道口购物中心店)	B0IAJBOQO7	B000A80D2Q	2F	成府路28号五道口购物中心2F层L2-17	"116.339177,39.992137"	购物服务;服装鞋帽皮具店;品牌服装店	190	parent=venue;address_has_venue;address_has_venue_address;name_or_alias_match	FALSE	
poi_f2_linqingxuan_61	F2	linqingxuan	林清轩	linqingxuan；林清轩；lqx	林清轩 五道口购物中心	matched_parent_or_address_and_name	OK	1	林清轩(五道口购物中心店)	B0FFF3D7VN	B000A80D2Q	2F	成府路28号五道口购物中心2F层L2-14	"116.339187,39.992310"	购物服务;个人用品/化妆品店;其它个人用品店	190	parent=venue;address_has_venue;address_has_venue_address;name_or_alias_match	FALSE	
poi_f2_lovetococo_62	F2	lovetococo	爱可可	lovetococo；Love to CoCo；LoveToCoCo；爱可可	爱可可 五道口购物中心	candidate_at_venue_needs_review	OK	86	紫涵(五道口购物中心店)	B0H1SCK9WX	B000A80D2Q	2F	成府路28号五道口购物中心2F层	"116.339152,39.991770"	购物服务;服装鞋帽皮具店;品牌服装店	140	parent=venue;address_has_venue;address_has_venue_address	TRUE	错误
poi_f2_mofan_920	F2	mofan	摩梵	mofan；摩梵；摩凡；mf	mofan 五道口购物中心	matched_parent_or_address_and_name	OK	1	摩凡(五道口购物中心店)	B0K1OPFFAJ	B000A80D2Q	2F	成府路28号五道口购物中心二楼	"116.339471,39.992220"	购物服务;服装鞋帽皮具店;服装鞋帽皮具店	190	parent=venue;address_has_venue;address_has_venue_address;name_or_alias_match	FALSE	
poi_f2_nike_67	F2	nike	耐克	nike；Nike；NIKE；耐克	耐克 五道口购物中心	matched_parent_or_address_and_name	OK	12	耐克Nike(五道口购物中心店)	B0HBR643ZT	B000A80D2Q	2F	中关村东路8号卜蜂超市1层(五道口地铁站B南口步行290米)	"116.339481,39.992035"	购物服务;体育用品店;耐克专卖店	155	parent=venue;name_or_alias_match;distance<=100m	FALSE	
poi_f2_quchenshi_60	F2	quchenshi	屈臣氏	quchenshi；屈臣氏；qcs	quchenshi 五道口购物中心	matched_parent_or_address_and_name	OK	12	屈臣氏(五道口购物中心店)	B0FFF6XKYE	B000A80D2Q	2F	成府路28号五道口购物中心2F层L2-07	"116.339489,39.992434"	购物服务;超级市场;屈臣氏	215	parent=venue;address_has_venue;address_has_venue_address;name_or_alias_match;distance<=100m	FALSE	
poi_f2_taipingniao_68	F2	taipingniao	太平鸟	taipingniao；太平鸟；Peacebird；tpn	太平鸟 五道口购物中心	matched_parent_or_address_and_name	OK	7	太平鸟男装(五道口购物中心店)	B0L11ULE13	B000A80D2Q		成府路28号五道口购物中心3F层	"116.339175,39.992075"	购物服务;服装鞋帽皮具店;品牌服装店	215	parent=venue;address_has_venue;address_has_venue_address;name_or_alias_match;distance<=100m	FALSE	
poi_f2_tata_70	F2	tata	TATA 鞋店	tata；TATA；Tata；TaTa	TATA 鞋店 五道口购物中心	matched_parent_or_address_and_name	OK	1	TATA(五道口购物中心店)	B0FFJ9UN69	B000A80D2Q	2F	城府路28号五道口购物中心F2	"116.339627,39.991504"	购物服务;服装鞋帽皮具店;品牌鞋店	170	parent=venue;address_has_venue;name_or_alias_match	FALSE	
poi_f2_uniqlo_15	F2	uniqlo	优衣库	uniqlo；UNIQLO；Uniqlo；优衣库	优衣库 五道口购物中心	matched_parent_or_address_and_name	OK	1	优衣库(五道口购物中心店)	B0LA7UVBER	B000A80D2Q		学院路街道成府路28号五道口购物中心L1-52/53/54	"116.339317,39.991981"	购物服务;购物相关场所;购物相关场所	190	parent=venue;address_has_venue;address_has_venue_address;name_or_alias_match	FALSE	
poi_f2_velwin_923	F2	velwin	VELWIN	velwin；VELWIN；Velwin	VELWIN 五道口购物中心	candidate_at_venue_needs_review	OK	87	RENKOMAY(五道口购物中心店)	B0K3UNT5G5	B000A80D2Q	2F	成府路28号五道口购物中心2F层L2-10	"116.339333,39.992321"	购物服务;个人用品/化妆品店;其它个人用品店	140	parent=venue;address_has_venue;address_has_venue_address	TRUE	错误
poi_f2_wagas_921	F2	wagas	沃歌斯	wagas；WAGAS；沃歌斯	沃歌斯 五道口购物中心	matched_parent_or_address_and_name	OK	7	Wagas沃歌斯(北京五道口购物中心店)	B0FFKZYLDL	B000A80D2Q		北京城区成府路28号五道口购物中心1F层	"116.339540,39.992495"	餐饮服务;外国餐厅;西餐厅(综合风味)	215	parent=venue;address_has_venue;address_has_venue_address;name_or_alias_match;distance<=100m	FALSE	
poi_f2_zhiwuyisheng_922	F2	zhiwuyisheng	植物医生	zhiwuyisheng；植物医生；DR PLANT；zwys	zhiwuyisheng 五道口购物中心	candidate_at_venue_needs_review	OK	87	Manner Coffee(五道口购物中心店)	B0H3PR3KMT	B000A80D2Q	1F	成府路28号五道口购物中心1F层L1-04	"116.339588,39.992274"	餐饮服务;咖啡厅;咖啡厅	140	parent=venue;address_has_venue;address_has_venue_address	TRUE	错误
poi_f2_zihan_11	F2	zihan	子涵	zihan；子涵；紫涵；zh	紫涵 五道口购物中心	matched_parent_or_address_and_name	OK	1	紫涵(五道口购物中心店)	B0H1SCK9WX	B000A80D2Q	2F	成府路28号五道口购物中心2F层	"116.339152,39.991770"	购物服务;服装鞋帽皮具店;品牌服装店	190	parent=venue;address_has_venue;address_has_venue_address;name_or_alias_match	FALSE	
poi_f3_6ixty_17	F3	6ixty	6IXTY 8IGTY(五道口购物中心店)	6ixty；6IXTY；6IXTY8IGHT；6ixty8ight；60+80；6IXTY 8IGTY；6IXTY 8IGHT	6ixty 五道口购物中心	matched_parent_or_address_and_name	OK	1	6IXTY 8IGTY(五道口购物中心店)	B000A8WWEQ	B000A80D2Q	3F	成府路28号五道口购物中心3F层L3-08	"116.339295,39.992426"	购物服务;服装鞋帽皮具店;品牌服装店	215	parent=venue;address_has_venue;address_has_venue_address;name_or_alias_match;distance<=100m	FALSE	
poi_f3_jiabeile_961	F3	jiabeile	嘉贝乐	jiabeile；嘉贝乐；佳贝乐；jbl	佳贝乐 五道口购物中心	candidate_at_venue_needs_review	OK	86	西贝(五道口购物中心店)	B0FFGZQ7LZ	B000A80D2Q	5F	成府路28号五道口购物中心F5层	"116.339426,39.991458"	餐饮服务;中餐厅;西北菜	140	parent=venue;address_has_venue;address_has_venue_address	TRUE	错误
poi_f3_jiajixiaozhan_17	F3	jiajixiaozhan	嘉吉小站	jiajixiaozhan；嘉吉小站；加吉小站；佳吉小站；jjxz	jiajixiaozhan 五道口购物中心	candidate_at_venue_needs_review	OK	86	Manner Coffee(五道口购物中心店)	B0H3PR3KMT	B000A80D2Q	1F	成府路28号五道口购物中心1F层L1-04	"116.339588,39.992274"	餐饮服务;咖啡厅;咖啡厅	140	parent=venue;address_has_venue;address_has_venue_address	TRUE	错误
poi_f3_kama_953	F3	kama	卡玛	kama；KAMA；Kama；卡玛	卡玛 五道口购物中心	candidate_needs_review	OK	2	KAMA CLASSICS(西单购物中心北京店)	B0FFK1XZD3	B000A7QRK6		西长安街街道西单北大街132号西单购物中心2楼(近西单地铁站)	"116.376452,39.909150"	购物服务;服装鞋帽皮具店;品牌服装店	50	name_or_alias_match	TRUE	错误
poi_f3_kule_15	F3	kule	酷乐	kule；酷乐；库乐；KULE；kl	酷乐 五道口购物中心	matched_parent_or_address_and_name	OK	1	酷乐潮玩(五道口购物中心店)	B0FFMD23EF	B000A80D2Q	3F	成府路28号五道口购物中心3F层L3-18	"116.339157,39.992065"	购物服务;专卖店;礼品饰品店	190	parent=venue;address_has_venue;address_has_venue_address;name_or_alias_match	FALSE	
poi_f3_mingchuang_14	F3	mingchuang	名创优品	mingchuang；名创优品；MINISO；miniso；mc；mcyp	mingchuang 五道口购物中心	matched_parent_or_address_and_name	OK	17	名创优品(五道口购物中心店)	B0FFGYN55K	B000A80D2Q	3F	成府路中段五道口购物中心三层L3-09	"116.339170,39.992444"	购物服务;家居建材市场;家居建材市场	195	parent=venue;address_has_venue;name_or_alias_match;distance<=100m	FALSE	
poi_f3_refeng_950	F3	refeng	热风	refeng；热风；Hotwind；rf	热风 五道口购物中心	matched_parent_or_address_and_name	OK	7	Hotwind热风(五道口购物中心店)	B0FFGYN55R	B000A80D2Q	3F	成府路28号五道口购物中心3F层L3-07	"116.339570,39.992448"	购物服务;服装鞋帽皮具店;品牌服装店	215	parent=venue;address_has_venue;address_has_venue_address;name_or_alias_match;distance<=100m	FALSE	
poi_f3_shuimujintang_16	F3	shuimujintang	水木锦堂	shuimujingtang；水木锦堂；smjt；shuimujintang	水木锦堂 五道口购物中心	matched_parent_or_address_and_name	OK	1	水木锦堂自助铁板烧(五道口店)	B0FFIEBXQ2	B000A80D2Q	3F	北京城区成府路28号3层301-19(五道口华联3层电梯旁)	"116.339465,39.992268"	餐饮服务;中餐厅;中餐厅	150	parent=venue;address_has_venue_address;name_or_alias_match	FALSE	
poi_f3_songshanmiandian_951	F3	songshanmiandian	松山棉店	songshanmiandian；松山棉店；ssmd	松山棉店 五道口购物中心	matched_parent_or_address_and_name	OK	1	松山棉店(五道口购物中心店)	B0L1FSW4ND	B000A80D2Q		五道口购物中心3层(五道口地铁站B南口步行230米)	"116.339275,39.992325"	购物服务;服装鞋帽皮具店;服装鞋帽皮具店	170	parent=venue;address_has_venue;name_or_alias_match	FALSE	
poi_f3_thegreenparty_160	F3	thegreenparty	绿色派对	thegreenparty；The Green Party；TheGreenParty；绿色派对；tgp	thegreenparty 五道口购物中心	matched_parent_or_address_and_name	OK	8	The Green Party(五道口购物中心店)	B0FFGY826U	B000A80D2Q	3F	成府路28号五道口购物中心3F层L3-17	"116.339168,39.992141"	购物服务;专卖店;礼品饰品店	215	parent=venue;address_has_venue;address_has_venue_address;name_or_alias_match;distance<=100m	FALSE	
poi_f3_wanshenshuyuan_15	F3	wanshenshuyuan	万圣书园	wanshenshuyuan；万圣书园；wssy	万圣书园 五道口购物中心	matched_parent_or_address_and_name	OK	1	万圣书园(五道口购物中心店)	B0J3SU7JEZ	B000A80D2Q	4F	成府路28号五道口购物中心3F层	"116.339596,39.992017"	购物服务;专卖店;书店	190	parent=venue;address_has_venue;address_has_venue_address;name_or_alias_match	FALSE	
poi_f3_zhucha_952	F3	zhucha	煮茶	zhucha；煮茶；zc	煮茶 五道口购物中心	candidate_at_venue_needs_review	OK	9	煮叶(五道口购物中心店)	B0LGDUDZP2	B000A80D2Q		成府路28号五道口购物中心3层301号	"116.339330,39.992190"	餐饮服务;中餐厅;中餐厅	165	parent=venue;address_has_venue;address_has_venue_address;distance<=100m	TRUE	错误
poi_f4_aizhijianbojiemeijia_88	F4	aizhijianbojiemeijia	爱指间博洁美甲	aizhijianbojiemeijia；爱指间博洁美甲；爱指尖博洁美甲；azjbjmj	爱指间博洁美甲 五道口购物中心	matched_parent_or_address_and_name	OK	85	爱指间·柏睫美甲美睫(五道口购物中心店)	B0K37UOZNT	B000A80D2Q	4F	北京城区成府路28号五道口购物中心四层	"116.339200,39.991834"	生活服务;美容美发店;美容美发店	180	parent=venue;address_has_venue;address_has_venue_address;fuzzy_name_match	FALSE	
poi_f4_bujing_90	F4	bujing	布景	bujing；布景；bj	布景 五道口购物中心	matched_parent_or_address_and_name	OK	1	布景(五道口购物中心店)	B000AA9XDH	B000A80D2Q	4F	成府路28号五道口购物中心4F层L4-02	"116.339535,39.992129"	购物服务;服装鞋帽皮具店;品牌服装店	190	parent=venue;address_has_venue;address_has_venue_address;name_or_alias_match	FALSE	
poi_f4_chaojixingxing_22	F4	chaojixingxing	超级猩猩	chaojixingxing；超级猩猩；超猩；Super Monkey；cjxx	超级猩猩 五道口购物中心	matched_parent_or_address_and_name	OK	1	超级猩猩(五道口购物中心店)	B0I63HY5I5	B000A80D2Q	4F	成府路28号五道口购物中心4层L4-33/34	"116.339139,39.991548"	体育休闲服务;运动场馆;健身中心	190	parent=venue;address_has_venue;address_has_venue_address;name_or_alias_match	FALSE	
poi_f4_chenjinshijie_18	F4	chenjinshijie	沉浸世界	chenjinshijie；沉浸世界；cjsj	沉浸世界 五道口购物中心	matched_parent_or_address_and_name	OK	1	沉浸世界(五道口购物中心店)	B0J2RBDDUP	B000A80D2Q	4F	成府路28号五道口购物中心4F层	"116.339445,39.991855"	体育休闲服务;娱乐场所;娱乐场所	190	parent=venue;address_has_venue;address_has_venue_address;name_or_alias_match	FALSE	
poi_f4_haimatizhaoxiangguan_96	F4	haimatizhaoxiangguan	海马体照相馆	haimatizhaoxiangguan；海马体照相馆；海马体；hmt；hmtzxg	海马体照相馆 五道口购物中心	matched_parent_or_address_and_name	OK	1	海马体照相馆(五道口购物中心店)	B0HU5OPGVH	B000A80D2Q	4F	城府路28号五道口购物中心4层L4-29商铺	"116.339575,39.991695"	生活服务;摄影冲印店;摄影冲印	170	parent=venue;address_has_venue;name_or_alias_match	FALSE	
poi_f4_huluwa_20	F4	huluwa	葫芦娃	huluwa；葫芦娃；hlw	葫芦娃 五道口购物中心	matched_parent_or_address_and_name	OK	1	葫芦娃一家人火锅(五道口购物中心店)	B0GK2XNEUM	B000A80D2Q	4F	成府路28号五道口购物中心4层	"116.339595,39.992283"	餐饮服务;中餐厅;火锅店	190	parent=venue;address_has_venue;address_has_venue_address;name_or_alias_match	FALSE	
poi_f4_kuxiu_86	F4	kuxiu	酷秀 KTV	kuxiu；酷秀 KTV；kx	酷秀 KTV 五道口购物中心	matched_parent_or_address_and_name	OK	1	酷秀KTV·派对(五道口店)	B0L3M1P7IK	B000A80D2Q	4F	北京城区成府路28号五道口购物中心4层	"116.339566,39.991506"	体育休闲服务;娱乐场所;KTV	190	parent=venue;address_has_venue;address_has_venue_address;name_or_alias_match	FALSE	
poi_f4_xianyuxian_930	F4	xianyuxian	鲜芋仙	xianyuxian；鲜芋仙；xyx	鲜芋仙 五道口购物中心	matched_parent_or_address_and_name	OK	6	鲜芋仙(五道口店)	B000A8W852	B000A80D2Q	4F	北京城区成府路28号五道口购物中心4F层L4-09	"116.339617,39.991857"	餐饮服务;甜品店;甜品店	215	parent=venue;address_has_venue;address_has_venue_address;name_or_alias_match;distance<=100m	FALSE	
poi_f4_youchang_21	F4	youchang	优创	youchang；优创；优常；yc	youchang 五道口购物中心	candidate_at_venue_needs_review	OK	85	Manner Coffee(五道口购物中心店)	B0H3PR3KMT	B000A80D2Q	1F	成府路28号五道口购物中心1F层L1-04	"116.339588,39.992274"	餐饮服务;咖啡厅;咖啡厅	140	parent=venue;address_has_venue;address_has_venue_address	TRUE	错误
poi_f4_zhijianbalei_93	F4	zhijianbalei	指尖芭蕾	zhijianbalei；指尖芭蕾；zjbl	指尖芭蕾 五道口购物中心	matched_parent_or_address_and_name	OK	1	指间芭蕾(五道口购物中心店)	B0FFIBW1PB	B000A80D2Q	4F	成府路28号五道口购物中心4F层	"116.339197,39.992272"	生活服务;美容美发店;美容美发店	180	parent=venue;address_has_venue;address_has_venue_address;fuzzy_name_match	FALSE	
poi_f5_baozhunailao_102	F5	baozhunailao	宝珠奶酪	baozhunailao；宝珠奶酪；bznl	baozhunailao 五道口购物中心	candidate_at_venue_needs_review	OK	87	Manner Coffee(五道口购物中心店)	B0H3PR3KMT	B000A80D2Q	1F	成府路28号五道口购物中心1F层L1-04	"116.339588,39.992274"	餐饮服务;咖啡厅;咖啡厅	140	parent=venue;address_has_venue;address_has_venue_address	TRUE	错误
poi_f5_chaozhouren_934	F5	chaozhouren	潮粥人	chaozhouren；潮粥人；czr	潮粥人 五道口购物中心	matched_parent_or_address_and_name	OK	1	潮粥人·潮汕菜(五道口购物中心店)	B0JGPCG00Y	B000A80D2Q	5F	成府路28号五道口购物中心5F层L5-13	"116.339094,39.992140"	餐饮服务;中餐厅;中餐厅	190	parent=venue;address_has_venue;address_has_venue_address;name_or_alias_match	FALSE	
poi_f5_hefulaomian_100	F5	hefulaomian	和府捞面	hefulaomian；和府捞面；和府；hflm	和府捞面 五道口购物中心	matched_parent_or_address_and_name	OK	1	和府捞面(北京五道口购物中心店)	B0G1BK8M2A	B000A80D2Q	5F	成府路28号五道口购物中心5F层	"116.339481,39.992024"	餐饮服务;中餐厅;中餐厅	190	parent=venue;address_has_venue;address_has_venue_address;name_or_alias_match	FALSE	
poi_f5_huguowu_108	F5	huguowu	糊锅屋	huguowu；糊锅屋；hgw	糊锅屋 五道口购物中心	candidate_at_venue_needs_review	OK	91	台巷里·台湾菜(五道口购物中心店)	B0IU9SUCH0	B000A80D2Q	5F	成府路28号五道口购物中心5层	"116.339331,39.991895"	餐饮服务;中餐厅;台湾菜	140	parent=venue;address_has_venue;address_has_venue_address	TRUE	错误
poi_f5_huolu_933	F5	huolu	火炉	huolu；火炉；hl	火炉 五道口购物中心	candidate_at_venue_needs_review	OK	86	台巷里·台湾菜(五道口购物中心店)	B0IU9SUCH0	B000A80D2Q	5F	成府路28号五道口购物中心5层	"116.339331,39.991895"	餐饮服务;中餐厅;台湾菜	140	parent=venue;address_has_venue;address_has_venue_address	TRUE	错误
poi_f5_jiangbiancheng_97	F5	jiangbiancheng	江边城外	jiangbiancheng；江边城外；江边城；jbcw；jbc	江边城外 五道口购物中心	matched_parent_or_address_and_name	OK	1	江边城外烤全鱼(五道口购物中心店)	B0FFJN6OQR	B000A80D2Q	5F	成府路28号五道口购物中心5F层L5-02	"116.339536,39.991627"	餐饮服务;中餐厅;四川菜(川菜)	190	parent=venue;address_has_venue;address_has_venue_address;name_or_alias_match	FALSE	
poi_f5_jvbaoyuan_935	F5	jvbaoyuan	聚宝源	jvbaoyuan；jubaoyuan；聚宝源；jby	聚宝源 五道口购物中心	matched_parent_or_address_and_name	OK	8	聚宝源(五道口店)	B0J3P5999I	B000A80D2Q		北京城区成府路28号五道口购物中心5F层	"116.339248,39.992155"	购物服务;专卖店;专营店	215	parent=venue;address_has_venue;address_has_venue_address;name_or_alias_match;distance<=100m	FALSE	
poi_f5_lanxiong_103	F5	lanxiong	兰熊	lanxiong；兰熊；lx	兰熊 五道口购物中心	matched_parent_or_address_and_name	OK	1	兰熊鲜奶(五道口购物中心店)	B0HG45TEND	B000A80D2Q	1F	成府路28号五道口购物中心5F层501	"116.339593,39.992343"	餐饮服务;冷饮店;冷饮店	190	parent=venue;address_has_venue;address_has_venue_address;name_or_alias_match	FALSE	
poi_f5_laoxiangji_109	F5	laoxiangji	老乡鸡	laoxiangji；老乡鸡；lxj	老乡鸡 五道口购物中心	matched_parent_or_address_and_name	OK	8	老乡鸡(北京五道口店)	B0HBR64J8R	B000A80D2Q	5F	北京城区成府路28号五层501室18号	"116.339119,39.991742"	餐饮服务;中餐厅;中餐厅	175	parent=venue;address_has_venue_address;name_or_alias_match;distance<=100m	FALSE	
poi_f5_miaoamei_106	F5	miaoamei	苗阿妹	miaoamei；苗阿妹；mam	苗阿妹 五道口购物中心	matched_parent_or_address_and_name	OK	1	苗阿妹贵州羊肉粉(五道口购物中心店)	B0L2F71W31	B000A80D2Q		北京城区成府路28号5层501室	"116.339078,39.992068"	餐饮服务;中餐厅;中餐厅	150	parent=venue;address_has_venue_address;name_or_alias_match	FALSE	
poi_f5_micun_17	F5	micun	米村	micun；米村；米村拌饭；mc	米村 五道口购物中心	matched_parent_or_address_and_name	OK	1	米村拌饭(五道口购物中心店)	B0J3SUV923	B000A80D2Q	5F	成府路28号五道口购物中心五层L5-03号商铺	"116.339469,39.991749"	餐饮服务;中餐厅;中餐厅	190	parent=venue;address_has_venue;address_has_venue_address;name_or_alias_match	FALSE	
poi_f5_taixiangli_932	F5	taixiangli	台巷里	taixiangli；台巷里；txl	台巷里 五道口购物中心	matched_parent_or_address_and_name	OK	4	台巷里·台湾菜(五道口购物中心店)	B0IU9SUCH0	B000A80D2Q	5F	成府路28号五道口购物中心5层	"116.339331,39.991895"	餐饮服务;中餐厅;台湾菜	190	parent=venue;address_has_venue;address_has_venue_address;name_or_alias_match	FALSE	
poi_f5_xiangshanting_104	F5	xiangshanting	香山亭	xiangshanting；香山亭；香山厅；xst	xiangshanting 五道口购物中心	candidate_at_venue_needs_review	OK	86	CDG PLAY(五道口购物中心店)	B0J2FU5HP1	B000A80D2Q		成府路28号五道口购物中心1F层	"116.339180,39.992081"	购物服务;购物相关场所;购物相关场所	140	parent=venue;address_has_venue;address_has_venue_address	TRUE	错误
poi_f5_xiantan_931	F5	xiantan	鲜潭	xiantan；鲜潭；xt	鲜潭 五道口购物中心	matched_parent_or_address_and_name	OK	4	鲜潭蒸汽石锅鱼(五道口购物中心店)	B0FFM3HP5E	B000A80D2Q	5F	北京城区成府路28号五道口购物中心五层	"116.339489,39.991909"	餐饮服务;中餐厅;中餐厅	190	parent=venue;address_has_venue;address_has_venue_address;name_or_alias_match	FALSE	
poi_f5_xianyouji_105	F5	xianyouji	鲜有基	xianyouji；鲜有基；xyj	鲜有基 五道口购物中心	matched_parent_or_address_and_name	OK	4	鲜有基参鸡汤(五道口购物中心店)	B0I3ASRRWH	B000A80D2Q	5F	成府路28号五道口购物中心5F层L5-37	"116.339232,39.992339"	餐饮服务;中餐厅;中餐厅	190	parent=venue;address_has_venue;address_has_venue_address;name_or_alias_match	FALSE	
poi_f5_xibei_81	F5	xibei	西贝	xibei；西贝；西贝莜面村；xb	西贝 五道口购物中心	matched_parent_or_address_and_name	OK	8	西贝(五道口购物中心店)	B0FFGZQ7LZ	B000A80D2Q	5F	成府路28号五道口购物中心F5层	"116.339426,39.991458"	餐饮服务;中餐厅;西北菜	215	parent=venue;address_has_venue;address_has_venue_address;name_or_alias_match;distance<=100m	FALSE	
poi_f5_xinzhaxinpai_23	F5	xinzhaxinpai	新炸新派	xinzhaxinpai；新炸新派；鑫炸新派；xzxp	新炸新派 五道口购物中心	candidate_at_venue_needs_review	OK	85	茉酸奶(五道口购物中心店)	B0JDZCCMG2	B000A80D2Q	B1	成府路28号五道口购物中心B1层	"116.339194,39.992035"	餐饮服务;冷饮店;冷饮店	140	parent=venue;address_has_venue;address_has_venue_address	TRUE	错误
poi_f5_xishupaofu_98	F5	xishupaofu	西树泡芙	xishupaofu；西树泡芙；xspf	西树泡芙 五道口购物中心	matched_parent_or_address_and_name	OK	1	西树泡芙(五道口购物中心店)	B0JDPPPC3N	B000A80D2Q	5F	五道口购物中心5层501室36号	"116.339374,39.991797"	餐饮服务;糕饼店;糕饼店	170	parent=venue;address_has_venue;name_or_alias_match	FALSE	
poi_f5_xunyecai_111	F5	xunyecai	旬野菜	xunyecai；旬野菜；xyc	旬野菜 五道口购物中心	matched_parent_or_address_and_name	OK	1	旬野菜日式和牛寿喜烧专门店(五道口购物中心店)	B0I235YUJO	B000A80D2Q	5F	成府路28号五道口购物中心5层17号	"116.339137,39.991545"	餐饮服务;外国餐厅;日本料理	190	parent=venue;address_has_venue;address_has_venue_address;name_or_alias_match	FALSE	
poi_f5_zhengxian_101	F5	zhengxian	争鲜	zhengxian；争鲜；zx	争鲜 五道口购物中心	matched_parent_or_address_and_name	OK	1	争鲜回转寿司(海淀五道口PLUS店)	B0FFGZAV74	B000A80D2Q	5F	北京城区成府路28号五道口购物中心5层	"116.339510,39.992222"	餐饮服务;外国餐厅;日本料理	190	parent=venue;address_has_venue;address_has_venue_address;name_or_alias_match	FALSE	
poi_f5_zuimian_107	F5	zuimian	醉面	zuimian；醉面；zm	醉面 五道口购物中心	matched_parent_or_address_and_name	OK	1	醉面(五道口购物中心店)	B0H6G6TXA9	B000A80D2Q	5F	北京城区成府路28号(五道口购物中心五层)	"116.339204,39.991799"	餐饮服务;快餐厅;快餐厅	190	parent=venue;address_has_venue;address_has_venue_address;name_or_alias_match	FALSE	
poi_f6_daoxiao_940	F6	daoxiao	刀小	daoxiao；刀小；dx；dxm	daoxiao 五道口购物中心	candidate_at_venue_needs_review	OK	85	CDG PLAY(五道口购物中心店)	B0J2FU5HP1	B000A80D2Q		成府路28号五道口购物中心1F层	"116.339180,39.992081"	购物服务;购物相关场所;购物相关场所	140	parent=venue;address_has_venue;address_has_venue_address	TRUE	错误
poi_f6_jvqi_24	F6	jvqi	局气	jvqi；局气；jq	局气 五道口购物中心	matched_parent_or_address_and_name	OK	18	局气(五道口店)	B0FFGJOM6C	B000A80D2Q	6F	北四环中路五道口购物中心D座六层L6-05B	"116.339433,39.991475"	餐饮服务;中餐厅;北京菜	195	parent=venue;address_has_venue;name_or_alias_match;distance<=100m	FALSE	
poi_f6_longrenjv_112	F6	longrenjv	龙人居	longrenjv；longrenju；龙人居；lrj	longrenjv 五道口购物中心	candidate_at_venue_needs_review	OK	86	Manner Coffee(五道口购物中心店)	B0H3PR3KMT	B000A80D2Q	1F	成府路28号五道口购物中心1F层L1-04	"116.339588,39.992274"	餐饮服务;咖啡厅;咖啡厅	140	parent=venue;address_has_venue;address_has_venue_address	TRUE	错误
poi_f6_quanmao_114	F6	quanmao	全茂	quanmao；全茂；qm	全茂 五道口购物中心	candidate_at_venue_needs_review	OK	86	五道口购物中心地下停车场	B0G0T9FPP7	B000A80D2Q		成府路28号五道口购物中心B2层	"116.339001,39.991213"	交通设施服务;停车场;公共停车场	140	parent=venue;address_has_venue;address_has_venue_address	TRUE	错误
poi_f6_yunhaiyao_115	F6	yunhaiyao	云海肴	yunhaiyao；云海肴；yhy	yunhaiyao 五道口购物中心	matched_parent_or_address_and_name	OK	4	云海肴云南菜(五道口购物中心店)	B0FFJN6OR0	B000A80D2Q		成府路28号五道口购物中心A座6层	"116.339083,39.992028"	餐饮服务;中餐厅;云贵菜|餐饮服务;中餐厅;湖南菜(湘菜)	215	parent=venue;address_has_venue;address_has_venue_address;name_or_alias_match;distance<=100m	FALSE	
poi_f6_zhandianpisa_84	F6	zhandianpisa	站点披萨	zhandianpisa；站点披萨；zdps	站点披萨 五道口购物中心	matched_parent_or_address_and_name	OK	1	Tubestation站点比萨(五道口购物中心店)	B0FFJN6OQZ	B000A80D2Q	6F	成府路28号五道口购物中心4层	"116.339328,39.992236"	餐饮服务;外国餐厅;美式风味	180	parent=venue;address_has_venue;address_has_venue_address;fuzzy_name_match	FALSE	
