poi_id,floor_id,mapping_label,mapping_display_name,previous_candidate_name,previous_candidate_poi_id,retry_query_keyword,retry_status,retry_candidate_name,retry_candidate_poi_id,retry_candidate_parent_poi_id,retry_candidate_floor,retry_candidate_address,retry_candidate_location,retry_candidate_type,retry_match_score,retry_match_notes,recommended_action
poi_b1_aichaosuannai_121,B1,aichaosuannai,爱炒酸奶,茉酸奶(五道口购物中心店),B0JDZCCMG2,aichaosuannai 北京,name_matched_not_venue,艾炒酸奶(北京合生汇店),B0H1VDPXKK,B0FFHSRCQZ,F4,西大望路甲22号1号楼商业部分4层28D号,"116.478670,39.893933",餐饮服务;冷饮店;冷饮店,100,name_or_alias_match,manual_review_or_indoor_only
poi_b1_baozhu_102,B1,baozhu,包煮,VERO MODA(五道口购物中心店),B0HKLUW5NJ,包煮 成府路28号,no_reliable_name_match,柒十二匠(五道口购物中心店),B0JRXR4KPR,B000A80D2Q,B1,成府路28号五道口购物中心B1层,"116.339073,39.992019",餐饮服务;中餐厅;中餐厅,20,parent=venue;address_has_venue;address_has_venue_address;floor_match;no_name_match_penalty,manual_review_or_indoor_only
poi_b1_bulilin_904,B1,bulilin,布璃琳,布景(五道口购物中心店),B000AA9XDH,不离林 成府路28号,no_reliable_name_match,茶百道(北京林业大学北路店),B0JD3C8YXQ,B000A80D2Q,B1,成府路28号五道口购物中心B1层,"116.339193,39.992057",餐饮服务;冷饮店;冷饮店,40,parent=venue;address_has_venue;address_has_venue_address;floor_match;distance<=500m;no_name_match_penalty,manual_review_or_indoor_only
poi_b1_chuanshiduo_25,B1,chuanshiduo,串士多,咏巷炸鸡(五道口购物中心店),B0KUAUDBZ0,串士多 北京,name_matched_not_venue,串士多·回转小火锅(北京悦荟店),B0KULN7B7K,B000A8XCLR,L5,南环路10号悦荟L5层,"116.239102,40.212072",餐饮服务;中餐厅;火锅店,100,name_or_alias_match,manual_review_or_indoor_only
poi_b1_dec_27,B1,dec,dec,五道口购物中心地下停车场,B0G0T9FPP7,dec 北京,name_matched_not_venue,D.DEC,B0HACRWPPL,B000AA1YB3,,朝阳北路106号青年汇102号楼,"116.515025,39.922275",餐饮服务;餐饮相关场所;餐饮相关,100,name_or_alias_match,manual_review_or_indoor_only
poi_b1_fanwenhua_30,B1,fanwenhua,樊文花,Manner Coffee(五道口购物中心店),B0H3PR3KMT,樊文花 成府路28号,name_matched_not_venue,樊文花(北京华联万柳店),B0I14D9G28,B0FFFAI76D,B1,巴沟路2号(近地铁10号线巴沟站)BHG Mall北京华联万柳购物中心B1层B1LL04,"116.295077,39.972937",购物服务;个人用品/化妆品店;其它个人用品店,110,name_or_alias_match;floor_match,manual_review_or_indoor_only
poi_b1_haircamp_35,B1,haircamp,理发店,诗碧曼白发防脱发养发馆(五道口购物中心店),B0JRTKVLCQ,理发店 五道口,name_and_venue_matched,HAIR CAMPスタイルキャンプ(五道口购物中心店),B0J1PHY8P9,B000A80D2Q,,北京城区成府路28号-1层101,"116.339292,39.992444",生活服务;美容美发店;美容美发店,210,name_or_alias_match;parent=venue;address_has_venue_address;distance<=500m,can_use_after_manual_confirm
poi_b1_jiajiancheng_914,B1,jiajiancheng,夹拣盛,完美世界影城(五道口购物中心店),B0J3SU0TTZ,jiajiancheng 五道口购物中心,no_reliable_name_match,茉酸奶(五道口购物中心店),B0JDZCCMG2,B000A80D2Q,B1,成府路28号五道口购物中心B1层,"116.339194,39.992035",餐饮服务;冷饮店;冷饮店,20,parent=venue;address_has_venue;address_has_venue_address;floor_match;no_name_match_penalty,manual_review_or_indoor_only
poi_b1_jiayibing_915,B1,jiayibing,加一冰,优衣库(五道口购物中心店),B0LA7UVBER,加一冰 成府路28号,no_reliable_name_match,茶百道(北京林业大学北路店),B0JD3C8YXQ,B000A80D2Q,B1,成府路28号五道口购物中心B1层,"116.339193,39.992057",餐饮服务;冷饮店;冷饮店,40,parent=venue;address_has_venue;address_has_venue_address;floor_match;distance<=500m;no_name_match_penalty,manual_review_or_indoor_only
poi_b1_qiduyinshi_902,B1,qiduyinshi,七度银饰,Manner Coffee(五道口购物中心店),B0H3PR3KMT,七度银饰 北京,name_matched_not_venue,七度银饰(北京朝阳合生汇店),B0L29XSYZV,B0FFHSRCQZ,B1,西大望路甲22号北京朝阳合生汇B1层,"116.479363,39.893772",购物服务;专卖店;珠宝首饰工艺品,110,name_or_alias_match;floor_match,manual_review_or_indoor_only
poi_b1_yipinmenguo_23,B1,yipinmenguo,一品焖锅,WOWCOLOUR(五道口购物中心店),B0K0GS4Y5Y,一品 成府路28号,name_matched_not_venue,嘉和一品(清华店),B0FFIXXC62,[],,成府路95号附近,"116.323822,39.992104",餐饮服务;中餐厅;中餐厅,108,name_or_alias_match;distance<=3000m,manual_review_or_indoor_only
poi_b1_zigulu_47,B1,zigulu,紫谷庐,完美世界影城(五道口购物中心店),B0J3SU0TTZ,zgl 成府路28号,no_reliable_name_match,完美世界影城(五道口购物中心店),B0J3SU0TTZ,B000A80D2Q,B1,成府路28号五道口购物中心B1层,"116.339526,39.992432",体育休闲服务;影剧院;电影院,20,parent=venue;address_has_venue;address_has_venue_address;floor_match;no_name_match_penalty,manual_review_or_indoor_only
poi_f1_adidas_59,F1,adidas,阿迪达斯,阿迪达斯(五道口店),B0LK9HAMMT,adidas 五道口,name_matched_not_venue,阿迪达斯(五道口店),B0LK9HAMMT,[],,成府路27号,"116.339127,39.993052",购物服务;购物相关场所;购物相关场所,120,name_or_alias_match;distance<=500m,manual_review_or_indoor_only
poi_f1_bawangchaji_72,F1,bawangchaji,霸王茶姬,Manner Coffee(五道口购物中心店),B0H3PR3KMT,霸王茶姬 成府路28号,name_and_venue_matched,CHAGEE霸王茶姬(北京五道口购物中心店),B0J3SUWJ8W,B000A80D2Q,1F,成府路28号五道口购物中心1F层,"116.339571,39.992201",餐饮服务;冷饮店;冷饮店,250,name_or_alias_match;parent=venue;address_has_venue;address_has_venue_address;distance<=500m,can_use_after_manual_confirm
poi_f1_dreamroom_78,F1,dreamroom,梦想之屋,Manner Coffee(五道口购物中心店),B0H3PR3KMT,dreamroom 北京,name_matched_not_venue,DREAMROOM(大红门银泰百货店),B0K64HOE6K,B000A8VWFW,F1,马家堡东路101号院10号楼银泰百货(北京大红门店)F1层,"116.385561,39.844758",购物服务;家电电子卖场;数码电子,110,name_or_alias_match;floor_match,manual_review_or_indoor_only
poi_f1_huanyingxingkong_58,F1,huanyingxingkong,幻影星空,完美世界影城(五道口购物中心店),B0J3SU0TTZ,huanyingxingkong 北京,name_matched_not_venue,幻影星空(力宝广场店),B0IAJ72D69,B0FFFAEGWC,F1,荣华中路8号院1号北京华联BHG Mall(亦庄店)F1层F1-ZD-15,"116.502126,39.805088",体育休闲服务;娱乐场所;娱乐场所,110,name_or_alias_match;floor_match,manual_review_or_indoor_only
poi_f1_ieabeauty_71,F1,ieabeauty,ieabeauty,BEAUTY STARSKY(五道口购物中心店),B0KANU1QOO,IEA Beauty 五道口,no_reliable_name_match,BEAUTY STARSKY(五道口购物中心店),B0KANU1QOO,B000A80D2Q,,成府路28号五道口购物中心1F层,"116.339374,39.992143",生活服务;美容美发店;美容美发店,10,parent=venue;address_has_venue;address_has_venue_address;no_name_match_penalty,manual_review_or_indoor_only
poi_f1_jiroumayi_8,F1,jiroumayi,肌肉蚂蚁,茉酸奶(五道口购物中心店),B0JDZCCMG2,jiroumayi 北京,name_matched_not_venue,肌肉蚂蚁(北京华联BHG Mall上地店),B0L2MPX72F,B000A819SN,,BHGMall上地店,"116.311465,40.028184",体育休闲服务;运动场馆;健身中心,100,name_or_alias_match,manual_review_or_indoor_only
poi_f1_laofengxiang_56,F1,laofengxiang,老凤祥,老凤祥(领展购物中心店),B0K675DQAQ,laofengxiang 五道口购物中心,name_matched_not_venue,老凤祥(领展购物中心店),B0K675DQAQ,B000A85J2J,F1,丹棱街甲1号北京中关村领展广场F1层,"116.314761,39.979232",购物服务;专卖店;珠宝首饰工艺品,118,name_or_alias_match;floor_match;distance<=3000m,manual_review_or_indoor_only
poi_f1_only_124,F1,only,only,Only Flowers只和花(中关村店),B0KB5MB468,only 五道口,name_matched_not_venue,Only Flowers只和花(中关村店),B0KB5MB468,B000A85J2J,F1,丹棱街甲1号北京中关村领展广场F1层,"116.314919,39.979143",购物服务;花鸟鱼虫市场;花卉市场,118,name_or_alias_match;floor_match;distance<=3000m,manual_review_or_indoor_only
poi_f1_zhouliufu_73,F1,zhouliufu,周六福,Manner Coffee(五道口购物中心店),B0H3PR3KMT,周六福 五道口,name_matched_not_venue,周六福(北京华联同成街店),B0J3U72LF0,B0GUJPQ6Q6,F1,育知东路30号北京华联BHG Mall(同成街店)F1层F1-15,"116.337124,40.072213",购物服务;专卖店;珠宝首饰工艺品,110,name_or_alias_match;floor_match,manual_review_or_indoor_only
poi_f2_jieshengji_63,F2,jieshengji,杰胜基,潮宏基(五道口购物中心店),B0J2L7ZJ65,jieshengji 五道口,no_reliable_name_match,WOWCOLOUR(五道口购物中心店),B0K0GS4Y5Y,B000A80D2Q,,成府路28号五道口购物中心1F层,"116.339325,39.991925",购物服务;购物相关场所;购物相关场所,10,parent=venue;address_has_venue;address_has_venue_address;no_name_match_penalty,manual_review_or_indoor_only
poi_f2_lovetococo_62,F2,lovetococo,爱可可,紫涵(五道口购物中心店),B0H1SCK9WX,Love to CoCo 北京,name_matched_not_venue,LOVE,B0L2URF55O,B0FFG4VK54,,郎家园甲10号楼(大望路地铁站C西南口步行220米),"116.473570,39.907837",购物服务;专卖店;专营店,100,name_or_alias_match,manual_review_or_indoor_only
poi_f2_velwin_923,F2,velwin,VELWIN,RENKOMAY(五道口购物中心店),B0K3UNT5G5,velwin 北京,name_matched_not_venue,VELWIN(首开通州万象汇店),B0K2K1XJ4I,B0G0K7T9J9,L2,运河东大街51号首开通州万象汇L2层,"116.734397,39.904421",购物服务;服装鞋帽皮具店;服装鞋帽皮具店,100,name_or_alias_match,manual_review_or_indoor_only
poi_f2_zhiwuyisheng_922,F2,zhiwuyisheng,植物医生,Manner Coffee(五道口购物中心店),B0H3PR3KMT,植物医生 五道口,name_matched_not_venue,植物医生(强佑商厦店),B0L1PL7KOW,[],,清河中街与G6辅路交叉口西南80米,"116.346659,40.030557",购物服务;个人用品/化妆品店;其它个人用品店,100,name_or_alias_match,manual_review_or_indoor_only
poi_f3_jiabeile_961,F3,jiabeile,嘉贝乐,西贝(五道口购物中心店),B0FFGZQ7LZ,jiabeile 成府路28号,name_matched_not_venue,嘉贝乐(枫蓝国际购物中心),B0H6PSPCDB,B000A84154,F3,西直门北大街32号院枫蓝国际购物中心F3层3-030,"116.356339,39.953886",体育休闲服务;娱乐场所;娱乐场所,110,name_or_alias_match;floor_match,manual_review_or_indoor_only
poi_f3_jiajixiaozhan_17,F3,jiajixiaozhan,嘉吉小站,Manner Coffee(五道口购物中心店),B0H3PR3KMT,嘉吉小站 北京,name_matched_not_venue,153小站CAFE,B0LRZC3O2Z,[],,东四环中路52号,"116.492525,39.912425",购物服务;购物相关场所;购物相关场所,53,fuzzy_name_match:0.67,manual_review_or_indoor_only
poi_f3_kama_953,F3,kama,卡玛,KAMA CLASSICS(西单购物中心北京店),B0FFK1XZD3,kama 五道口,name_matched_not_venue,KAMA CLASSICS(西单购物中心北京店),B0FFK1XZD3,B000A7QRK6,,西长安街街道西单北大街132号西单购物中心2楼(近西单地铁站),"116.376452,39.909150",购物服务;服装鞋帽皮具店;品牌服装店,100,name_or_alias_match,manual_review_or_indoor_only
poi_f3_zhucha_952,F3,zhucha,煮茶,煮叶(五道口购物中心店),B0LGDUDZP2,煮茶 五道口,name_matched_not_venue,宝玉煮茶,B0LKH1RG9F,B0LG7ZMH4E,,中关村大街15-9号B2层-201,"116.315346,39.979538",餐饮服务;休闲餐饮场所;休闲餐饮场所,108,name_or_alias_match;distance<=3000m,manual_review_or_indoor_only
poi_f4_youchang_21,F4,youchang,优创,Manner Coffee(五道口购物中心店),B0H3PR3KMT,优创 北京,name_matched_not_venue,北京品诺优创科技有限公司,B0LDOR4AD7,B0G23CCKH0,,建国路89号院华贸商务楼15号楼,"116.481492,39.912122",公司企业;公司;公司,100,name_or_alias_match,manual_review_or_indoor_only
poi_f5_baozhunailao_102,F5,baozhunailao,宝珠奶酪,Manner Coffee(五道口购物中心店),B0H3PR3KMT,baozhunailao 成府路28号,name_and_venue_matched,宝珠奶酪(五道口购物中心店),B0J27RGZPH,B000A80D2Q,B1,北京城区成府路28号五道口购物中心F5-08,"116.339240,39.991941",餐饮服务;餐饮相关场所;餐饮相关,230,name_or_alias_match;parent=venue;address_has_venue;address_has_venue_address,can_use_after_manual_confirm
poi_f5_huguowu_108,F5,huguowu,糊锅屋,台巷里·台湾菜(五道口购物中心店),B0IU9SUCH0,huguowu 成府路28号,no_reliable_name_match,PAGEONE(五道口店),B0HA6UBT70,B000A80D2Q,,成府路28号五道口购物中心西侧,"116.338535,39.992497",购物服务;专卖店;书店,10,parent=venue;address_has_venue;address_has_venue_address;no_name_match_penalty,manual_review_or_indoor_only
poi_f5_huolu_933,F5,huolu,火炉,台巷里·台湾菜(五道口购物中心店),B0IU9SUCH0,火炉 北京,name_matched_not_venue,火炉火(住总万科广场店),B0H1D5PBSY,B0FFGKQX49,F5,经济技术开发区兴海路1号院1号楼五住层5F-32,"116.459239,39.805378",餐饮服务;外国餐厅;韩国料理,110,name_or_alias_match;floor_match,manual_review_or_indoor_only
poi_f5_xiangshanting_104,F5,xiangshanting,香山亭,CDG PLAY(五道口购物中心店),B0J2FU5HP1,香山亭 五道口,name_matched_not_venue,香山,B000A8WSBS,[],,海淀区,"116.215851,39.982685",地名地址信息;热点地名;热点地名,100,name_or_alias_match,manual_review_or_indoor_only
poi_f5_xinzhaxinpai_23,F5,xinzhaxinpai,新炸新派,茉酸奶(五道口购物中心店),B0JDZCCMG2,新炸新派 成府路28号,no_reliable_name_match,新紮师兄 · 新派粤味(五道口店),B0I1AUELR6,B000A80D2Q,5F,成府路28号五道口购物中心L5-06号,"116.339476,39.992146",餐饮服务;快餐厅;茶餐厅,30,parent=venue;address_has_venue;address_has_venue_address;distance<=500m;no_name_match_penalty,manual_review_or_indoor_only
poi_f6_daoxiao_940,F6,daoxiao,刀小,CDG PLAY(五道口购物中心店),B0J2FU5HP1,刀小 成府路28号,name_matched_not_venue,刀小蛮半只鸡过桥米线(新辰里店),B0LK4RXNUU,B0FFM3BB78,B1,北辰东路8号院1号楼-1层-101号072,"116.406207,39.991603",餐饮服务;中餐厅;中餐厅,100,name_or_alias_match,manual_review_or_indoor_only
poi_f6_longrenjv_112,F6,longrenjv,龙人居,Manner Coffee(五道口购物中心店),B0H3PR3KMT,longrenju 成府路28号,name_and_venue_matched,龙人居·水煮鱼(五道口店),B0FFJVKRSS,B000A88BUY,6F,北京城区成府路28号五道口购物中心B座6楼,"116.339023,39.991806",餐饮服务;中餐厅;中餐厅,170,name_or_alias_match;address_has_venue;address_has_venue_address,can_use_after_manual_confirm
poi_f6_quanmao_114,F6,quanmao,全茂,五道口购物中心地下停车场,B0G0T9FPP7,quanmao 成府路28号,no_reliable_name_match,权茂京宴(五道口购物中心店),B0KUKUAYHO,B000A80D2Q,,北京城区成府路28号五道口购物中心6F层,"116.339372,39.991853",餐饮服务;中餐厅;中餐厅,10,parent=venue;address_has_venue;address_has_venue_address;no_name_match_penalty,manual_review_or_indoor_only
